               epoch,      train/box_loss,      train/obj_loss,      train/cls_loss,   metrics/precision,      metrics/recall,     metrics/mAP_0.5,metrics/mAP_0.5:0.95,        val/box_loss,        val/obj_loss,        val/cls_loss,               x/lr0,               x/lr1,               x/lr2
                   0,            0.051409,             0.01859,            0.076837,             0.72921,             0.11976,             0.15183,             0.10246,            0.028655,           0.0048508,            0.066886,            0.070074,           0.0033251,           0.0033251
                   1,            0.038793,            0.010148,            0.055571,             0.83772,              0.4321,             0.50278,             0.32276,            0.032533,            0.003383,            0.035657,            0.040008,           0.0065926,           0.0065926
                   2,            0.039054,           0.0079831,            0.032801,             0.78045,             0.61258,              0.6818,             0.45102,            0.029943,           0.0031986,            0.021138,           0.0098759,            0.009794,            0.009794
                   3,            0.034259,           0.0073556,            0.024874,             0.71613,             0.80332,             0.80722,             0.57765,            0.024728,            0.003006,            0.016984,            0.009703,            0.009703,            0.009703
                   4,             0.03049,           0.0069584,            0.019809,              0.7825,             0.86592,             0.87196,             0.67401,            0.021298,           0.0027054,            0.012304,            0.009703,            0.009703,            0.009703
                   5,            0.028667,           0.0067347,            0.016729,             0.84672,             0.90479,             0.89626,             0.68649,            0.019944,           0.0027281,            0.010852,            0.009604,            0.009604,            0.009604
                   6,            0.027151,           0.0064449,             0.01506,             0.85718,             0.91892,             0.91136,             0.71475,            0.019546,           0.0026933,           0.0095819,            0.009505,            0.009505,            0.009505
                   7,            0.025875,           0.0063332,            0.013208,             0.85768,             0.92637,             0.93165,             0.72476,            0.018777,           0.0025635,           0.0079602,            0.009406,            0.009406,            0.009406
                   8,            0.024862,           0.0061591,            0.012317,             0.89325,             0.93032,             0.93748,             0.73584,            0.017401,           0.0025583,           0.0069306,            0.009307,            0.009307,            0.009307
                   9,            0.024307,           0.0059963,            0.010385,             0.90048,             0.92258,             0.95892,             0.76827,            0.017013,           0.0024987,           0.0068601,            0.009208,            0.009208,            0.009208
                  10,            0.023269,           0.0059599,            0.009863,             0.94813,             0.92406,             0.95747,             0.78574,            0.017157,           0.0025056,            0.005911,            0.009109,            0.009109,            0.009109
                  11,            0.023016,            0.005695,           0.0095408,             0.95273,               0.938,             0.96389,             0.81786,            0.016242,           0.0023323,           0.0046067,             0.00901,             0.00901,             0.00901
                  12,            0.022251,           0.0055768,           0.0088249,             0.94854,             0.93699,             0.98109,              0.8166,            0.016105,           0.0023306,           0.0041159,            0.008911,            0.008911,            0.008911
                  13,            0.021558,           0.0056392,           0.0086436,             0.96891,               0.953,             0.97866,             0.81691,            0.015212,           0.0022749,           0.0039785,            0.008812,            0.008812,            0.008812
                  14,            0.021013,           0.0055393,           0.0076997,             0.90117,             0.98647,             0.98103,             0.85329,            0.014886,           0.0022395,           0.0035694,            0.008713,            0.008713,            0.008713
                  15,            0.020077,           0.0052914,           0.0074502,             0.91419,             0.98328,             0.98136,             0.84001,            0.014051,           0.0022519,           0.0036767,            0.008614,            0.008614,            0.008614
                  16,            0.020123,            0.005336,           0.0070203,             0.95342,             0.98385,             0.98405,             0.84355,            0.014203,           0.0020913,           0.0025782,            0.008515,            0.008515,            0.008515
                  17,            0.019571,           0.0052091,           0.0065033,              0.9176,             0.98326,               0.984,             0.85257,            0.013088,           0.0021053,            0.002913,            0.008416,            0.008416,            0.008416
                  18,            0.019087,           0.0050494,           0.0062125,             0.96095,              0.9842,             0.98706,             0.86378,            0.012165,           0.0020992,           0.0033495,            0.008317,            0.008317,            0.008317
                  19,            0.018731,           0.0050904,           0.0063002,             0.94962,               0.972,             0.98434,             0.85615,            0.012155,           0.0021058,           0.0028384,            0.008218,            0.008218,            0.008218
                  20,            0.018694,           0.0050436,           0.0058833,             0.98709,             0.98194,             0.98808,             0.87298,            0.011971,           0.0020896,           0.0024178,            0.008119,            0.008119,            0.008119
                  21,            0.018069,           0.0050338,           0.0056186,             0.98152,             0.99026,             0.99194,             0.87179,            0.011928,           0.0020411,           0.0023106,             0.00802,             0.00802,             0.00802
                  22,            0.017907,           0.0049095,           0.0054296,             0.98163,             0.98913,             0.99043,             0.88846,            0.011548,           0.0020256,           0.0024312,            0.007921,            0.007921,            0.007921
                  23,            0.017729,           0.0049113,           0.0054761,             0.96162,             0.98581,             0.98949,             0.87387,            0.011534,           0.0019733,           0.0024677,            0.007822,            0.007822,            0.007822
                  24,            0.017547,           0.0049551,           0.0052397,              0.9802,             0.98083,             0.99018,             0.88871,            0.010578,            0.001892,             0.00223,            0.007723,            0.007723,            0.007723
                  25,            0.016808,            0.004685,           0.0050152,             0.98046,             0.99139,             0.99272,             0.89474,            0.010896,           0.0018636,           0.0018758,            0.007624,            0.007624,            0.007624
                  26,             0.01689,           0.0047081,           0.0046956,             0.98183,              0.9741,             0.99335,             0.89454,            0.010266,           0.0019259,           0.0019592,            0.007525,            0.007525,            0.007525
                  27,            0.016423,           0.0045914,           0.0045649,             0.97694,             0.98663,             0.99278,             0.90283,            0.010074,           0.0018516,           0.0016943,            0.007426,            0.007426,            0.007426
                  28,            0.016322,           0.0046419,            0.004407,             0.96467,             0.99499,             0.99424,             0.88654,            0.010307,            0.001833,            0.001738,            0.007327,            0.007327,            0.007327
                  29,            0.016062,           0.0045585,           0.0042579,             0.98136,             0.99371,              0.9944,             0.90937,           0.0096853,           0.0018557,           0.0016015,            0.007228,            0.007228,            0.007228
                  30,            0.015978,           0.0045743,           0.0043993,             0.98725,             0.98748,             0.99354,             0.91599,           0.0098157,           0.0017851,           0.0016123,            0.007129,            0.007129,            0.007129
                  31,            0.015894,           0.0045097,           0.0044694,             0.96075,             0.98397,             0.97456,             0.88376,           0.0098627,           0.0017907,           0.0023386,             0.00703,             0.00703,             0.00703
                  32,             0.01554,            0.004546,           0.0046075,             0.98481,              0.9944,             0.99457,             0.91137,           0.0096335,           0.0018049,           0.0015809,            0.006931,            0.006931,            0.006931
                  33,            0.015497,           0.0044649,           0.0036925,              0.9836,             0.99524,             0.99466,             0.91376,           0.0096349,           0.0018152,              0.0016,            0.006832,            0.006832,            0.006832
                  34,            0.015136,           0.0044041,           0.0036394,             0.98611,             0.99495,             0.99486,             0.92282,           0.0089746,           0.0017859,           0.0014414,            0.006733,            0.006733,            0.006733
                  35,            0.015017,           0.0044023,           0.0036211,             0.98176,             0.99537,             0.99356,             0.91314,           0.0090096,            0.001755,           0.0014666,            0.006634,            0.006634,            0.006634
                  36,            0.014833,           0.0042744,           0.0037539,               0.979,             0.99787,             0.99371,             0.92204,           0.0087337,           0.0017221,           0.0013998,            0.006535,            0.006535,            0.006535
                  37,            0.014702,           0.0042739,           0.0032872,             0.98818,             0.99607,             0.99423,             0.91861,           0.0086588,            0.001732,           0.0013512,            0.006436,            0.006436,            0.006436
                  38,            0.014406,           0.0042135,           0.0033243,             0.97829,             0.99448,             0.99221,             0.91344,           0.0084693,           0.0016579,           0.0016882,            0.006337,            0.006337,            0.006337
                  39,            0.014298,           0.0042286,           0.0033342,             0.98757,             0.99539,             0.99498,             0.93638,           0.0086016,           0.0017157,           0.0012968,            0.006238,            0.006238,            0.006238
                  40,              0.0144,           0.0042359,            0.003288,             0.98822,             0.99314,             0.99261,             0.93157,           0.0085882,           0.0016749,           0.0013734,            0.006139,            0.006139,            0.006139
                  41,            0.014035,           0.0041495,           0.0032999,             0.98615,             0.99195,             0.99449,             0.92578,           0.0084552,           0.0016671,           0.0012101,             0.00604,             0.00604,             0.00604
                  42,            0.013694,           0.0041735,           0.0030914,             0.98767,             0.99502,             0.99273,             0.93554,           0.0082438,           0.0016707,           0.0011082,            0.005941,            0.005941,            0.005941
                  43,            0.013832,           0.0041751,            0.003224,             0.98999,             0.99648,             0.99485,             0.93198,           0.0080412,           0.0016301,           0.0011607,            0.005842,            0.005842,            0.005842
                  44,            0.013603,           0.0040393,           0.0028684,             0.98731,             0.99764,             0.99486,             0.92292,           0.0081546,           0.0016188,           0.0010556,            0.005743,            0.005743,            0.005743
                  45,            0.013493,           0.0040261,           0.0031677,             0.98739,             0.99683,             0.99488,             0.94006,           0.0079364,           0.0016201,           0.0010599,            0.005644,            0.005644,            0.005644
                  46,            0.013355,           0.0039958,           0.0026393,             0.98793,             0.99637,             0.99497,             0.93359,           0.0080579,           0.0016606,           0.0010173,            0.005545,            0.005545,            0.005545
                  47,             0.01325,           0.0039803,           0.0029369,             0.98712,             0.99748,             0.99474,             0.93909,           0.0076005,           0.0015876,           0.0011105,            0.005446,            0.005446,            0.005446
                  48,            0.013112,           0.0039648,           0.0028715,              0.9887,             0.99192,             0.99427,              0.9434,           0.0076029,           0.0016323,           0.0010409,            0.005347,            0.005347,            0.005347
                  49,            0.012804,           0.0039873,           0.0026834,             0.99222,             0.99967,             0.99489,             0.94336,           0.0076339,           0.0015845,          0.00092928,            0.005248,            0.005248,            0.005248
                  50,            0.012899,           0.0039735,           0.0026106,             0.98903,              0.9942,             0.99483,             0.94575,            0.007652,           0.0015874,          0.00093626,            0.005149,            0.005149,            0.005149
                  51,            0.012489,           0.0038123,           0.0025967,             0.99199,             0.99844,             0.99492,             0.94639,           0.0074673,           0.0015881,          0.00084575,             0.00505,             0.00505,             0.00505
                  52,            0.012589,           0.0038181,            0.002517,             0.99043,             0.99802,             0.99482,             0.94865,           0.0072483,           0.0015525,          0.00084917,            0.004951,            0.004951,            0.004951
                  53,            0.012291,           0.0037757,           0.0022727,              0.9894,             0.99901,             0.99454,              0.9411,           0.0074103,           0.0015809,          0.00081307,            0.004852,            0.004852,            0.004852
                  54,            0.012319,           0.0037915,           0.0025064,             0.99246,             0.99947,             0.99461,             0.94826,           0.0072143,           0.0015463,          0.00078662,            0.004753,            0.004753,            0.004753
                  55,            0.012183,           0.0037776,           0.0023331,             0.98943,             0.99646,             0.99456,             0.95136,           0.0072343,           0.0015089,          0.00079851,            0.004654,            0.004654,            0.004654
                  56,            0.012261,           0.0037639,           0.0023386,             0.99003,             0.99945,             0.99482,             0.95521,           0.0069576,           0.0015289,          0.00075855,            0.004555,            0.004555,            0.004555
                  57,            0.011849,            0.003682,           0.0022658,             0.99034,              0.9983,             0.99496,             0.94973,           0.0069931,           0.0015235,          0.00074928,            0.004456,            0.004456,            0.004456
                  58,            0.011769,           0.0036606,           0.0021965,             0.99143,             0.99853,             0.99496,             0.95056,           0.0071093,           0.0015052,          0.00069257,            0.004357,            0.004357,            0.004357
                  59,            0.011938,           0.0036952,           0.0021389,             0.99096,             0.99962,             0.99496,             0.95364,            0.006943,           0.0014924,          0.00068383,            0.004258,            0.004258,            0.004258
                  60,            0.011632,           0.0036408,           0.0021357,             0.99068,             0.99913,             0.99496,             0.95214,            0.006848,           0.0014998,          0.00064529,            0.004159,            0.004159,            0.004159
                  61,            0.011525,           0.0036215,           0.0020474,             0.99028,             0.99877,             0.99498,             0.95432,           0.0067427,           0.0014939,          0.00064599,             0.00406,             0.00406,             0.00406
                  62,            0.011374,           0.0035248,           0.0018589,             0.99261,             0.99928,             0.99496,             0.95638,           0.0067913,           0.0014714,           0.0005705,            0.003961,            0.003961,            0.003961
                  63,            0.011302,            0.003541,           0.0018699,             0.99191,             0.99985,             0.99499,             0.95447,           0.0066874,           0.0014611,          0.00055949,            0.003862,            0.003862,            0.003862
                  64,            0.011212,           0.0035151,           0.0020615,             0.97912,             0.99954,             0.99499,             0.95437,           0.0067137,           0.0014921,          0.00057234,            0.003763,            0.003763,            0.003763
                  65,            0.011013,           0.0035034,           0.0019067,             0.99145,             0.99798,             0.99496,             0.95547,           0.0066366,           0.0014585,          0.00051492,            0.003664,            0.003664,            0.003664
                  66,             0.01076,           0.0034727,           0.0020393,             0.99166,             0.99946,             0.99494,             0.95793,           0.0065352,           0.0014563,          0.00050499,            0.003565,            0.003565,            0.003565
                  67,            0.010739,           0.0034044,           0.0017747,             0.99121,             0.99883,             0.99497,             0.95754,           0.0064662,           0.0014276,          0.00052706,            0.003466,            0.003466,            0.003466
                  68,            0.010534,           0.0033781,           0.0017214,             0.99146,             0.99933,             0.99497,             0.95954,           0.0063767,           0.0014082,          0.00047952,            0.003367,            0.003367,            0.003367
                  69,            0.010466,           0.0033706,           0.0017304,             0.99135,             0.99967,             0.99497,             0.95986,            0.006374,           0.0014261,           0.0004636,            0.003268,            0.003268,            0.003268
                  70,             0.01042,           0.0033883,           0.0016406,             0.99161,             0.99996,             0.99495,             0.95927,           0.0063237,           0.0014218,          0.00043024,            0.003169,            0.003169,            0.003169
                  71,            0.010144,           0.0033496,           0.0016932,             0.99223,             0.99975,             0.99498,              0.9604,           0.0063139,           0.0013999,          0.00041755,             0.00307,             0.00307,             0.00307
                  72,            0.010105,           0.0032989,           0.0016256,             0.99306,             0.99925,             0.99499,             0.96177,           0.0062874,           0.0014182,          0.00040811,            0.002971,            0.002971,            0.002971
                  73,            0.010019,           0.0032937,           0.0015499,              0.9928,             0.99968,               0.995,             0.96198,           0.0062656,           0.0014078,          0.00035971,            0.002872,            0.002872,            0.002872
                  74,           0.0098251,           0.0032475,           0.0016093,             0.99241,              0.9993,             0.99499,             0.96257,           0.0062407,           0.0014269,          0.00035946,            0.002773,            0.002773,            0.002773
                  75,           0.0098567,           0.0033195,           0.0015901,             0.99159,              0.9981,             0.99499,             0.96186,           0.0062095,           0.0014032,          0.00033778,            0.002674,            0.002674,            0.002674
                  76,            0.009728,           0.0032218,           0.0014547,             0.99261,             0.99918,               0.995,             0.96298,            0.006225,           0.0013986,          0.00031791,            0.002575,            0.002575,            0.002575
                  77,           0.0095521,           0.0031757,           0.0013421,             0.99375,             0.99965,               0.995,             0.96153,           0.0062365,           0.0014249,          0.00030299,            0.002476,            0.002476,            0.002476
                  78,           0.0093034,           0.0031842,           0.0013124,             0.99347,             0.99834,               0.995,             0.95931,           0.0062197,           0.0014201,          0.00028443,            0.002377,            0.002377,            0.002377
                  79,           0.0092418,           0.0031848,           0.0013282,             0.99385,             0.99823,               0.995,              0.9603,           0.0062142,           0.0014074,          0.00026877,            0.002278,            0.002278,            0.002278
                  80,           0.0090968,           0.0031763,           0.0015438,              0.9929,             0.99844,               0.995,             0.96289,           0.0061571,           0.0013822,          0.00026188,            0.002179,            0.002179,            0.002179
                  81,           0.0089832,             0.00309,           0.0012627,             0.99357,              0.9995,               0.995,             0.96123,           0.0060722,           0.0013743,          0.00023855,             0.00208,             0.00208,             0.00208
                  82,           0.0088767,            0.003126,           0.0012759,             0.99302,             0.99959,               0.995,             0.96569,           0.0060486,           0.0013607,          0.00023429,            0.001981,            0.001981,            0.001981
                  83,           0.0087318,           0.0030136,           0.0012739,             0.99236,             0.99814,               0.995,             0.96368,           0.0059755,           0.0013736,           0.0002287,            0.001882,            0.001882,            0.001882
                  84,            0.008669,           0.0030266,           0.0011436,             0.99291,             0.99857,               0.995,             0.96383,           0.0059289,           0.0013765,            0.000219,            0.001783,            0.001783,            0.001783
                  85,           0.0082722,           0.0029414,           0.0011021,              0.9931,             0.99868,               0.995,             0.96311,           0.0059311,           0.0013756,          0.00021196,            0.001684,            0.001684,            0.001684
                  86,           0.0085068,           0.0029641,           0.0011729,             0.99307,             0.99897,               0.995,             0.96337,           0.0059454,           0.0013801,          0.00019911,            0.001585,            0.001585,            0.001585
                  87,           0.0081888,           0.0029264,           0.0010269,             0.99282,             0.99821,               0.995,             0.96471,           0.0059122,           0.0013555,           0.0001859,            0.001486,            0.001486,            0.001486
                  88,           0.0083061,           0.0029374,           0.0010257,             0.99313,             0.99772,               0.995,              0.9644,           0.0058687,           0.0013524,          0.00016411,            0.001387,            0.001387,            0.001387
                  89,           0.0080265,            0.002911,           0.0010172,             0.99283,             0.99905,               0.995,             0.96466,           0.0058746,           0.0013593,          0.00015662,            0.001288,            0.001288,            0.001288
                  90,           0.0078507,           0.0028395,           0.0011202,              0.9928,             0.99949,               0.995,             0.96498,           0.0058536,           0.0013454,          0.00014356,            0.001189,            0.001189,            0.001189
                  91,           0.0078159,           0.0028639,          0.00093802,             0.99322,             0.99914,               0.995,             0.96472,           0.0058185,           0.0013434,          0.00013188,             0.00109,             0.00109,             0.00109
                  92,           0.0075019,           0.0027942,          0.00088139,             0.99352,             0.99905,               0.995,             0.96513,           0.0058036,           0.0013421,          0.00011976,            0.000991,            0.000991,            0.000991
                  93,           0.0075297,           0.0028201,          0.00089575,             0.99369,             0.99945,               0.995,             0.96566,           0.0057841,           0.0013391,          0.00011416,            0.000892,            0.000892,            0.000892
                  94,           0.0074518,           0.0027968,          0.00085614,             0.99355,             0.99918,               0.995,             0.96609,           0.0057698,           0.0013403,          0.00010588,            0.000793,            0.000793,            0.000793
                  95,           0.0072127,           0.0027634,          0.00089961,             0.99372,             0.99904,               0.995,             0.96646,           0.0057603,           0.0013366,          9.9249e-05,            0.000694,            0.000694,            0.000694
                  96,           0.0070852,           0.0027331,          0.00087638,             0.99402,             0.99903,               0.995,             0.96617,            0.005769,             0.00134,          9.7527e-05,            0.000595,            0.000595,            0.000595
                  97,           0.0069505,           0.0027636,          0.00079055,             0.99412,              0.9992,               0.995,              0.9668,           0.0057459,           0.0013457,          9.1582e-05,            0.000496,            0.000496,            0.000496
                  98,           0.0067841,           0.0026121,          0.00073208,             0.99399,             0.99919,               0.995,             0.96663,           0.0057323,           0.0013433,          8.5935e-05,            0.000397,            0.000397,            0.000397
                  99,           0.0066738,           0.0026286,           0.0006246,             0.99408,             0.99916,               0.995,             0.96633,           0.0057219,           0.0013475,          8.2216e-05,            0.000298,            0.000298,            0.000298
